names,importances,experiment_id,CO_MES,var_target
"('11~mes', '-12:-46', 'mm')",0.034311037319510046,94f155d3-6a84-467b-8a68-cc53b46806ee,03~mes,kt
"('03~mes', '1201~prdt', '021~geo2', '999~geo3', 'kt')",0.021514098731942443,94f155d3-6a84-467b-8a68-cc53b46806ee,03~mes,kt
"('11~mes', '4703~prdt', '091~geo2', '999~geo3', 'kt')",0.02081593646939518,94f155d3-6a84-467b-8a68-cc53b46806ee,03~mes,kt
"('05~mes', '1701~prdt', '091~geo2', '999~geo3', 'kt')",0.0164478814476652,94f155d3-6a84-467b-8a68-cc53b46806ee,03~mes,kt
"('07~mes', '2304~prdt', '091~geo2', '998~geo3', 'kt')",0.015579303883228781,94f155d3-6a84-467b-8a68-cc53b46806ee,03~mes,kt
ANO,0.0,94f155d3-6a84-467b-8a68-cc53b46806ee,03~mes,oc
ANO,0.0,6a80c751-083e-4bc3-903c-16780231466a,09~mes,kt
ANO,0.0,6a80c751-083e-4bc3-903c-16780231466a,09~mes,oc
