names,importances,experiment_id,CO_MES,var_target
"('02~mes', '-18:-42', 'mm')",0.022108702073663285,0470a9d3-accd-4810-8891-a227e0661181,03~mes,kt
"('05~mes', '-14:-40', 'mm')",0.018196844182272753,0470a9d3-accd-4810-8891-a227e0661181,03~mes,kt
"('10~mes', '-22:-42', 'mm')",0.01617212439121574,0470a9d3-accd-4810-8891-a227e0661181,03~mes,kt
"('11~mes', '1701~prdt', '091~geo2', '998~geo3', 'kt')",0.015799784832939,0470a9d3-accd-4810-8891-a227e0661181,03~mes,kt
"('06~mes', '3808~prdt', '014~geo2', '999~geo3', 'preço_rel')",0.015247265296180337,0470a9d3-accd-4810-8891-a227e0661181,03~mes,kt
ANO,0.0,0470a9d3-accd-4810-8891-a227e0661181,03~mes,oc
ANO,0.0,3658ac78-2bd0-4d6a-b5c9-55a65ab675c6,09~mes,kt
ANO,0.0,3658ac78-2bd0-4d6a-b5c9-55a65ab675c6,09~mes,oc
