names,importances,experiment_id,CO_MES,var_target
"('05~mes', '2503~prdt', '081~geo2', '998~geo3', 'preço_rel')",0.0417596037954584,085bb462-f365-4756-9859-ea8719546892,03~mes,kt
"('06~mes', '2710~prdt', '091~geo2', '999~geo3', 'kt')",0.021676085712030193,085bb462-f365-4756-9859-ea8719546892,03~mes,kt
"('06~mes', '0901~prdt', '072~geo2', '999~geo3', 'kt')",0.019830618961177493,085bb462-f365-4756-9859-ea8719546892,03~mes,kt
"('11~mes', '-18:-44', 'mm')",0.01751523965494594,085bb462-f365-4756-9859-ea8719546892,03~mes,kt
"('11~mes', '-13:-41', 'mm')",0.015289907671938559,085bb462-f365-4756-9859-ea8719546892,03~mes,kt
ANO,0.0,085bb462-f365-4756-9859-ea8719546892,03~mes,oc
ANO,0.0,8f70b4be-e596-4b1d-9bf4-76e11ab613a9,09~mes,kt
ANO,0.0,8f70b4be-e596-4b1d-9bf4-76e11ab613a9,09~mes,oc
