names,importances,experiment_id,CO_MES,var_target
"('03~mes', '1201~prdt', '021~geo2', '999~geo3', 'kt')",0.03093901097607649,5c382122-1d9b-4766-bf56-2d73259858a2,03~mes,kt
"('08~mes', '2710~prdt', '022~geo2', '999~geo3', 'preço_rel')",0.020528652182274336,5c382122-1d9b-4766-bf56-2d73259858a2,03~mes,kt
"('03~mes', 'corretor_spot')",0.020172896678198136,5c382122-1d9b-4766-bf56-2d73259858a2,03~mes,kt
"('12~mes', '3105~prdt', '081~geo2', '999~geo3', 'kt')",0.01948022159682598,5c382122-1d9b-4766-bf56-2d73259858a2,03~mes,kt
"('12~mes', '-18:-42', 'mm')",0.015955257048002346,5c382122-1d9b-4766-bf56-2d73259858a2,03~mes,kt
ANO,0.0,5c382122-1d9b-4766-bf56-2d73259858a2,03~mes,oc
ANO,0.0,1c21b4f6-4268-414a-9f7d-be7dd765cd29,09~mes,kt
ANO,0.0,1c21b4f6-4268-414a-9f7d-be7dd765cd29,09~mes,oc
