names,importances,experiment_id,CO_MES,var_target
"('03~mes', '3102~prdt', '091~geo2', '999~geo3', 'kt')",0.02433555067900301,4d7122b4-acd6-4aea-9848-1a6129b8dbb5,03~mes,kt
"('01~mes', '2710~prdt', '091~geo2', '999~geo3', 'kt')",0.022728134149535055,4d7122b4-acd6-4aea-9848-1a6129b8dbb5,03~mes,kt
"('03~mes', '-13:-43', 'mm')",0.014473234470068519,4d7122b4-acd6-4aea-9848-1a6129b8dbb5,03~mes,kt
"('09~mes', '-11:-39', 'mm')",0.014335216957581305,4d7122b4-acd6-4aea-9848-1a6129b8dbb5,03~mes,kt
"('12~mes', '0901~prdt', '081~geo2', '999~geo3', 'kt')",0.014276620382711411,4d7122b4-acd6-4aea-9848-1a6129b8dbb5,03~mes,kt
ANO,0.0,4d7122b4-acd6-4aea-9848-1a6129b8dbb5,03~mes,oc
ANO,0.0,99bfa8db-f135-4d6c-a994-7f33cdce6d03,09~mes,kt
ANO,0.0,99bfa8db-f135-4d6c-a994-7f33cdce6d03,09~mes,oc
