names,importances,experiment_id,CO_MES,var_target
"('02~mes', '1005~prdt', '101~geo2', '999~geo3', 'kt')",0.024179766812102797,d93751bc-8dcc-426a-af34-d618430b8d3b,03~mes,kt
"('05~mes', '4703~prdt', '081~geo2', '999~geo3', 'kt')",0.021541135290119477,d93751bc-8dcc-426a-af34-d618430b8d3b,03~mes,kt
"('04~mes', '-5:-49', 'mm')",0.020729375831006817,d93751bc-8dcc-426a-af34-d618430b8d3b,03~mes,kt
"('06~mes', '1701~prdt', '081~geo2', '999~geo3', 'kt')",0.01858994816710319,d93751bc-8dcc-426a-af34-d618430b8d3b,03~mes,kt
"('04~mes', '1201~prdt', '021~geo2', '999~geo3', 'kt')",0.015952198148299276,d93751bc-8dcc-426a-af34-d618430b8d3b,03~mes,kt
ANO,0.0,d93751bc-8dcc-426a-af34-d618430b8d3b,03~mes,oc
ANO,0.0,b0b559a3-15fc-4851-bee4-7012777444f7,09~mes,kt
ANO,0.0,b0b559a3-15fc-4851-bee4-7012777444f7,09~mes,oc
