ANO,CO_MES,CO_PRDT,CO_GEO2,CO_GEO3,kt_true,kt_test,kt_test_lr,experiment_id,oc_true,oc_test,oc_proba
39,03,3105,091,999,82.48614501953125,182.3664731627116,193.8442911783854,cd9f5647-0979-4875-bff6-d7ee4b022276,1.0,1.0,1.0
39,09,3105,091,999,206.30740356445312,210.48052721438202,254.57344055175776,cd9f5647-0979-4875-bff6-d7ee4b022276,1.0,1.0,1.0
40,03,3105,091,999,156.99285888671875,168.9305324896404,166.5607716878255,cd9f5647-0979-4875-bff6-d7ee4b022276,1.0,1.0,1.0
40,09,3105,091,999,209.21981811523438,206.308335498174,204.5574371337891,cd9f5647-0979-4875-bff6-d7ee4b022276,1.0,1.0,1.0
41,03,3105,091,999,,145.16439285636326,127.96633504231772,cd9f5647-0979-4875-bff6-d7ee4b022276,,1.0,1.0
41,09,3105,091,999,,207.69166994323732,181.44144897460944,cd9f5647-0979-4875-bff6-d7ee4b022276,,1.0,1.0
