ANO,CO_MES,CO_PRDT,CO_GEO2,CO_GEO3,kt_true,kt_test,kt_test_lr,experiment_id,oc_true,oc_test,oc_proba
39,03,3105,091,999,82.48614501953125,170.0460467792238,193.8442911783854,6a2e06b9-1e65-42f4-9e92-8e89cffe59a3,1.0,1.0,1.0
39,09,3105,091,999,206.30740356445312,207.64390036873206,254.57344055175776,6a2e06b9-1e65-42f4-9e92-8e89cffe59a3,1.0,1.0,1.0
40,03,3105,091,999,156.99285888671875,176.52429509526206,166.5607716878255,6a2e06b9-1e65-42f4-9e92-8e89cffe59a3,1.0,1.0,1.0
40,09,3105,091,999,209.21981811523438,209.38209981600446,204.5574371337891,6a2e06b9-1e65-42f4-9e92-8e89cffe59a3,1.0,1.0,1.0
41,03,3105,091,999,,171.5391689282626,127.96633504231772,6a2e06b9-1e65-42f4-9e92-8e89cffe59a3,,1.0,1.0
41,09,3105,091,999,,209.83557460327143,181.44144897460944,6a2e06b9-1e65-42f4-9e92-8e89cffe59a3,,1.0,1.0
