ANO,CO_MES,CO_PRDT,CO_GEO2,CO_GEO3,kt_true,kt_test,kt_test_lr,experiment_id,oc_true,oc_test,oc_proba
39,03,3105,091,999,82.48614501953125,179.58568673029401,193.8442911783854,f2ea2b64-1757-4d2c-a889-35a98d6823dd,1.0,1.0,1.0
39,09,3105,091,999,206.30740356445312,207.25096310491156,254.57344055175776,f2ea2b64-1757-4d2c-a889-35a98d6823dd,1.0,1.0,1.0
40,03,3105,091,999,156.99285888671875,208.60407201836333,166.5607716878255,f2ea2b64-1757-4d2c-a889-35a98d6823dd,1.0,1.0,1.0
40,09,3105,091,999,209.21981811523438,206.45719915707906,204.5574371337891,f2ea2b64-1757-4d2c-a889-35a98d6823dd,1.0,1.0,1.0
41,03,3105,091,999,,166.73490481013337,127.96633504231772,f2ea2b64-1757-4d2c-a889-35a98d6823dd,,1.0,1.0
41,09,3105,091,999,,211.83739132690417,181.44144897460944,f2ea2b64-1757-4d2c-a889-35a98d6823dd,,1.0,1.0
