ANO,CO_MES,CO_PRDT,CO_GEO2,CO_GEO3,kt_true,kt_test,kt_test_lr,experiment_id,oc_true,oc_test,oc_proba
39,03,3105,091,999,82.48614501953125,179.91745726450662,193.8442911783854,6e8cde0b-a8ad-4bec-b062-2b2c5cea325d,1.0,1.0,1.0
39,09,3105,091,999,206.30740356445312,209.11757213758375,254.57344055175776,6e8cde0b-a8ad-4bec-b062-2b2c5cea325d,1.0,1.0,1.0
40,03,3105,091,999,156.99285888671875,166.07943991767792,166.5607716878255,6e8cde0b-a8ad-4bec-b062-2b2c5cea325d,1.0,1.0,1.0
40,09,3105,091,999,209.21981811523438,210.9741858482361,204.5574371337891,6e8cde0b-a8ad-4bec-b062-2b2c5cea325d,1.0,1.0,1.0
41,03,3105,091,999,,170.08823225522417,127.96633504231772,6e8cde0b-a8ad-4bec-b062-2b2c5cea325d,,1.0,1.0
41,09,3105,091,999,,210.95253561401373,181.44144897460944,6e8cde0b-a8ad-4bec-b062-2b2c5cea325d,,1.0,1.0
