ANO,CO_MES,CO_PRDT,CO_GEO2,CO_GEO3,kt_true,kt_test,kt_test_lr,experiment_id,oc_true,oc_test,oc_proba
39,03,3105,091,999,82.48614501953125,170.986020139776,193.8442911783854,b0b559a3-15fc-4851-bee4-7012777444f7,1.0,1.0,1.0
39,09,3105,091,999,206.30740356445312,207.82302794415017,254.57344055175776,b0b559a3-15fc-4851-bee4-7012777444f7,1.0,1.0,1.0
40,03,3105,091,999,156.99285888671875,181.77650168527873,166.5607716878255,b0b559a3-15fc-4851-bee4-7012777444f7,1.0,1.0,1.0
40,09,3105,091,999,209.21981811523438,207.12729829152423,204.5574371337891,b0b559a3-15fc-4851-bee4-7012777444f7,1.0,1.0,1.0
41,03,3105,091,999,,176.91999939196444,127.96633504231772,b0b559a3-15fc-4851-bee4-7012777444f7,,1.0,1.0
41,09,3105,091,999,,206.64452590026858,181.44144897460944,b0b559a3-15fc-4851-bee4-7012777444f7,,1.0,1.0
