ANO,CO_MES,CO_PRDT,CO_GEO2,CO_GEO3,kt_true,kt_test,kt_test_lr,experiment_id,oc_true,oc_test,oc_proba
39,03,3105,091,999,82.48614501953125,184.86344643090268,193.8442911783854,8f70b4be-e596-4b1d-9bf4-76e11ab613a9,1.0,1.0,1.0
39,09,3105,091,999,206.30740356445312,205.17573837280273,254.57344055175776,8f70b4be-e596-4b1d-9bf4-76e11ab613a9,1.0,1.0,1.0
40,03,3105,091,999,156.99285888671875,156.44912169477672,166.5607716878255,8f70b4be-e596-4b1d-9bf4-76e11ab613a9,1.0,1.0,1.0
40,09,3105,091,999,209.21981811523438,209.13016814549755,204.5574371337891,8f70b4be-e596-4b1d-9bf4-76e11ab613a9,1.0,1.0,1.0
41,03,3105,091,999,,198.001340135105,127.96633504231772,8f70b4be-e596-4b1d-9bf4-76e11ab613a9,,1.0,1.0
41,09,3105,091,999,,211.40270989379886,181.44144897460944,8f70b4be-e596-4b1d-9bf4-76e11ab613a9,,1.0,1.0
