ANO,CO_MES,CO_PRDT,CO_GEO2,CO_GEO3,kt_true,kt_test,kt_test_lr,experiment_id,oc_true,oc_test,oc_proba
39,03,3105,091,999,82.48614501953125,161.79578396061493,193.8442911783854,3658ac78-2bd0-4d6a-b5c9-55a65ab675c6,1.0,1.0,1.0
39,09,3105,091,999,206.30740356445312,203.68876364666488,254.57344055175776,3658ac78-2bd0-4d6a-b5c9-55a65ab675c6,1.0,1.0,1.0
40,03,3105,091,999,156.99285888671875,166.76061465691006,166.5607716878255,3658ac78-2bd0-4d6a-b5c9-55a65ab675c6,1.0,1.0,1.0
40,09,3105,091,999,209.21981811523438,209.66690015474953,204.5574371337891,3658ac78-2bd0-4d6a-b5c9-55a65ab675c6,1.0,1.0,1.0
41,03,3105,091,999,,146.65135609915347,127.96633504231772,3658ac78-2bd0-4d6a-b5c9-55a65ab675c6,,1.0,1.0
41,09,3105,091,999,,208.84138490905767,181.44144897460944,3658ac78-2bd0-4d6a-b5c9-55a65ab675c6,,1.0,1.0
