ANO,CO_MES,CO_PRDT,CO_GEO2,CO_GEO3,kt_true,kt_test,kt_test_lr,experiment_id,oc_true,oc_test,oc_proba
39,03,3105,091,999,82.48614501953125,208.44978268799332,193.8442911783854,bb336f7b-95ac-4f81-a0f9-1b3f8b9ced92,1.0,1.0,1.0
39,09,3105,091,999,206.30740356445312,204.8205262656834,254.57344055175776,bb336f7b-95ac-4f81-a0f9-1b3f8b9ced92,1.0,1.0,1.0
40,03,3105,091,999,156.99285888671875,187.49801346117346,166.5607716878255,bb336f7b-95ac-4f81-a0f9-1b3f8b9ced92,1.0,1.0,1.0
40,09,3105,091,999,209.21981811523438,206.82967849413552,204.5574371337891,bb336f7b-95ac-4f81-a0f9-1b3f8b9ced92,1.0,1.0,1.0
41,03,3105,091,999,,169.9118203590484,127.96633504231772,bb336f7b-95ac-4f81-a0f9-1b3f8b9ced92,,1.0,1.0
41,09,3105,091,999,,210.64903519897456,181.44144897460944,bb336f7b-95ac-4f81-a0f9-1b3f8b9ced92,,1.0,1.0
