ANO,CO_MES,CO_PRDT,CO_GEO2,CO_GEO3,kt_true,kt_test,kt_test_lr,experiment_id,oc_true,oc_test,oc_proba
39,03,3105,091,999,82.48614501953125,206.33776663407826,193.8442911783854,e900e5cc-4ac9-402c-852c-b074272b4bb5,1.0,1.0,1.0
39,09,3105,091,999,206.30740356445312,209.3784304610543,254.57344055175776,e900e5cc-4ac9-402c-852c-b074272b4bb5,1.0,1.0,1.0
40,03,3105,091,999,156.99285888671875,179.0147915718518,166.5607716878255,e900e5cc-4ac9-402c-852c-b074272b4bb5,1.0,1.0,1.0
40,09,3105,091,999,209.21981811523438,207.19723773638415,204.5574371337891,e900e5cc-4ac9-402c-852c-b074272b4bb5,1.0,1.0,1.0
41,03,3105,091,999,,180.14382726293897,127.96633504231772,e900e5cc-4ac9-402c-852c-b074272b4bb5,,1.0,1.0
41,09,3105,091,999,,208.2474623077392,181.44144897460944,e900e5cc-4ac9-402c-852c-b074272b4bb5,,1.0,1.0
