max_depth,max_features,min_samples_split,min_samples_leaf,fit_time_sec,experiment_id
144,5,3,8,0.38105320930480957,081f2fad-eb2b-41be-b5ee-857e109f5703
987,55,21,3,0.12412357330322266,0a70d7e8-3251-4029-b49d-89ea11da7c42
