max_depth,max_features,min_samples_split,min_samples_leaf,fit_time_sec,experiment_id
144,5,3,8,0.14594101905822754,5c382122-1d9b-4766-bf56-2d73259858a2
233,34,13,8,0.15114164352416992,1c21b4f6-4268-414a-9f7d-be7dd765cd29
