max_depth,max_features,min_samples_split,min_samples_leaf,fit_time_sec,experiment_id
144,5,3,8,0.1557600498199463,94f155d3-6a84-467b-8a68-cc53b46806ee
34,34,3,8,0.2031548023223877,6a80c751-083e-4bc3-903c-16780231466a
